CUS_ID,GENDER,AGE,RESIDENCE,GROUP
1,남자,40,충청,M40+
10,남자,30,서울,M30
100,남자,40,경기,M40+
1000,여자,40,서울,F40+
1001,남자,50,경상,M40+
1002,남자,40,광주,M40+
1003,여자,20,서울,F20-
1004,남자,50,경기,M40+
1005,여자,30,광주,F30
1006,남자,30,대전,M30
1007,여자,20,광주,F20-
1008,남자,30,경기,M30
1009,남자,30,경기,M30
101,여자,40,경기,F40+
1010,남자,40,경기,M40+
1011,남자,40,서울,M40+
1012,남자,40,전라,M40+
1013,여자,40,경기,F40+
1014,남자,50,경상,M40+
1015,남자,40,서울,M40+
1016,남자,60,부산,M40+
1017,여자,40,서울,F40+
1018,여자,30,서울,F30
1019,남자,30,경기,M30
102,남자,30,경기,M30
1020,여자,30,인천,F30
1021,남자,30,인천,M30
1022,남자,30,경기,M30
1023,남자,40,부산,M40+
1024,남자,20,울산,M20-
1025,여자,20,부산,F20-
1026,남자,10,서울,M20-
1027,남자,30,경기,M30
1028,여자,20,제주,F20-
1029,남자,40,경상,M40+
103,남자,30,서울,M30
1030,여자,30,경기,F30
1031,남자,20,부산,M20-
1032,여자,50,서울,F40+
1033,남자,30,경기,M30
1034,여자,20,서울,F20-
1035,남자,50,경상,M40+
1036,여자,30,부산,F30
1037,남자,30,전라,M30
1038,남자,30,경기,M30
1039,남자,40,경기,M40+
104,여자,20,경기,F20-
1040,남자,30,경기,M30
1041,남자,50,경기,M40+
1042,남자,50,서울,M40+
1043,여자,40,서울,F40+
1044,남자,40,전라,M40+
1045,여자,30,경기,F30
1046,남자,20,경기,M20-
1047,여자,30,강원,F30
1048,여자,30,서울,F30
1049,남자,20,서울,M20-
105,남자,40,충청,M40+
1050,남자,30,서울,M30
1051,남자,20,서울,M20-
1052,여자,20,인천,F20-
1053,남자,40,서울,M40+
1054,남자,50,서울,M40+
1055,남자,40,인천,M40+
1056,남자,40,부산,M40+
1057,여자,40,경상,F40+
1058,여자,40,서울,F40+
1059,남자,50,전라,M40+
106,남자,20,서울,M20-
1060,남자,30,대구,M30
1061,남자,30,경기,M30
1062,남자,30,서울,M30
1063,남자,40,대전,M40+
1064,남자,60,경기,M40+
1065,남자,50,경기,M40+
1066,남자,30,대구,M30
1067,남자,30,경기,M30
1068,남자,50,경상,M40+
1069,여자,20,광주,F20-
107,여자,30,강원,F30
1070,남자,20,경기,M20-
1071,남자,40,경기,M40+
1072,여자,50,경상,F40+
1073,남자,40,경기,M40+
1074,남자,40,충청,M40+
1075,남자,20,경기,M20-
1076,남자,40,대구,M40+
1077,남자,40,경상,M40+
1078,남자,50,전라,M40+
1079,남자,60,서울,M40+
108,남자,20,경기,M20-
1080,남자,40,대전,M40+
1081,여자,30,부산,F30
1082,남자,40,경기,M40+
1083,남자,20,대전,M20-
1084,남자,30,경기,M30
1085,여자,40,경상,F40+
1086,여자,30,부산,F30
1087,남자,30,경기,M30
1088,남자,30,전라,M30
1089,여자,60,부산,F40+
109,남자,30,충청,M30
1090,여자,40,경기,F40+
1091,여자,30,서울,F30
1092,남자,30,부산,M30
1093,남자,50,서울,M40+
1094,남자,50,경상,M40+
1095,여자,20,서울,F20-
1096,여자,30,인천,F30
1097,여자,40,서울,F40+
1098,남자,20,강원,M20-
1099,남자,40,경기,M40+
11,남자,40,부산,M40+
110,여자,40,서울,F40+
1100,여자,20,경상,F20-
1101,남자,40,경기,M40+
1102,남자,30,서울,M30
1103,여자,40,서울,F40+
1104,여자,20,경기,F20-
1105,남자,40,경기,M40+
1106,여자,20,경기,F20-
1107,여자,30,서울,F30
1108,남자,40,충청,M40+
1109,남자,40,서울,M40+
111,남자,30,인천,M30
1110,남자,40,경상,M40+
1111,남자,30,대구,M30
1112,남자,40,경기,M40+
1113,여자,30,서울,F30
1114,남자,50,경상,M40+
1115,여자,20,광주,F20-
1116,남자,40,울산,M40+
1117,여자,30,인천,F30
1118,남자,20,경상,M20-
1119,남자,30,충청,M30
112,남자,60,서울,M40+
1120,남자,40,경기,M40+
1121,남자,40,경기,M40+
1122,남자,40,서울,M40+
1123,여자,40,서울,F40+
1124,여자,40,충청,F40+
1125,여자,50,서울,F40+
1126,남자,60,부산,M40+
1127,남자,30,충청,M30
1128,여자,30,전라,F30
1129,남자,60,경기,M40+
113,남자,20,경기,M20-
1130,여자,40,경기,F40+
1131,여자,20,충청,F20-
1132,남자,40,경기,M40+
1133,남자,50,충청,M40+
1134,남자,20,부산,M20-
1135,남자,30,부산,M30
1136,남자,20,경상,M20-
1137,남자,30,제주,M30
1138,남자,30,경기,M30
1139,여자,40,서울,F40+
114,여자,20,대구,F20-
1140,여자,40,서울,F40+
1141,여자,30,대구,F30
1142,남자,30,부산,M30
1143,여자,30,대전,F30
1144,남자,20,서울,M20-
1145,남자,30,경기,M30
1146,남자,30,울산,M30
1147,남자,30,인천,M30
1148,남자,30,강원,M30
1149,남자,30,울산,M30
115,여자,30,충청,F30
1150,남자,30,부산,M30
1151,남자,30,서울,M30
1152,남자,30,경기,M30
1153,남자,40,서울,M40+
1154,여자,30,대구,F30
1155,남자,40,대구,M40+
1156,여자,40,경기,F40+
1157,남자,40,부산,M40+
1158,남자,30,경기,M30
1159,여자,20,대전,F20-
116,남자,40,경기,M40+
1160,여자,40,경기,F40+
1161,남자,30,부산,M30
1162,남자,30,경기,M30
1163,여자,30,경기,F30
1164,여자,30,경기,F30
1165,남자,30,경기,M30
1166,남자,30,경기,M30
1167,남자,30,서울,M30
1168,남자,30,광주,M30
1169,여자,20,서울,F20-
117,남자,30,경기,M30
1170,남자,30,전라,M30
1171,남자,30,경상,M30
1172,남자,40,경기,M40+
1173,남자,40,부산,M40+
1174,남자,20,서울,M20-
1175,남자,40,서울,M40+
1176,남자,40,광주,M40+
1177,여자,40,경기,F40+
1178,남자,30,부산,M30
1179,여자,30,인천,F30
118,남자,20,부산,M20-
1180,여자,40,경기,F40+
1181,남자,30,서울,M30
1182,남자,30,서울,M30
1183,남자,40,경기,M40+
1184,남자,30,전라,M30
1185,남자,50,경기,M40+
1186,남자,20,인천,M20-
1187,남자,20,제주,M20-
1188,남자,10,충청,M20-
1189,여자,40,서울,F40+
119,여자,30,경기,F30
1190,여자,30,서울,F30
1191,남자,50,인천,M40+
1192,남자,40,부산,M40+
1193,여자,60,대구,F40+
1194,남자,30,인천,M30
1195,여자,30,경기,F30
1196,남자,30,광주,M30
1197,남자,30,경상,M30
1198,남자,30,부산,M30
1199,여자,40,서울,F40+
12,남자,40,경상,M40+
120,남자,40,경기,M40+
1200,여자,40,경기,F40+
1201,남자,30,경기,M30
1202,여자,40,서울,F40+
1203,남자,20,서울,M20-
1204,남자,20,경상,M20-
1205,여자,20,서울,F20-
1206,남자,30,광주,M30
1207,남자,50,광주,M40+
1208,여자,20,경상,F20-
1209,여자,20,경기,F20-
121,여자,40,울산,F40+
1210,여자,30,부산,F30
1211,남자,30,경기,M30
1212,여자,20,인천,F20-
1213,남자,40,대전,M40+
1214,남자,40,서울,M40+
1215,여자,20,서울,F20-
1216,남자,20,서울,M20-
1217,남자,30,경기,M30
1218,남자,50,충청,M40+
1219,남자,50,서울,M40+
122,남자,40,경기,M40+
1220,남자,40,인천,M40+
1221,남자,20,서울,M20-
1222,남자,60,경기,M40+
1223,여자,40,부산,F40+
1224,남자,40,인천,M40+
1225,여자,20,서울,F20-
1226,남자,30,대전,M30
1227,여자,20,경기,F20-
1228,여자,60,서울,F40+
1229,남자,30,인천,M30
123,남자,30,인천,M30
1230,여자,30,부산,F30
1231,여자,30,인천,F30
1232,남자,40,서울,M40+
1233,남자,20,부산,M20-
1234,여자,30,대전,F30
1235,남자,30,경기,M30
1236,여자,20,경상,F20-
1237,남자,30,인천,M30
1238,남자,40,충청,M40+
1239,여자,20,경기,F20-
124,여자,40,강원,F40+
1240,여자,20,울산,F20-
1241,남자,30,경기,M30
1242,남자,50,경기,M40+
1243,여자,30,인천,F30
1244,남자,20,대전,M20-
1245,남자,30,경기,M30
1246,남자,30,경기,M30
1247,여자,20,경기,F20-
1248,남자,30,서울,M30
1249,남자,40,경기,M40+
125,남자,30,경기,M30
1250,여자,30,서울,F30
1251,여자,50,경기,F40+
1252,남자,30,경기,M30
1253,남자,40,경기,M40+
1254,여자,20,경기,F20-
1255,여자,20,경상,F20-
1256,여자,40,인천,F40+
1257,남자,30,인천,M30
1258,남자,20,경상,M20-
1259,여자,50,경기,F40+
126,여자,30,부산,F30
1260,여자,50,충청,F40+
1261,여자,30,서울,F30
1262,여자,30,서울,F30
1263,남자,30,경상,M30
1264,여자,30,경기,F30
1265,남자,50,강원,M40+
1266,남자,40,충청,M40+
1267,남자,30,경기,M30
1268,남자,40,경기,M40+
1269,여자,30,충청,F30
127,여자,30,경기,F30
1270,여자,30,경기,F30
1271,남자,60,경상,M40+
1272,여자,30,경기,F30
1273,남자,30,부산,M30
1274,남자,20,서울,M20-
1275,남자,40,대전,M40+
1276,남자,30,인천,M30
1277,여자,40,인천,F40+
1278,여자,20,경기,F20-
1279,남자,20,광주,M20-
128,남자,60,경기,M40+
1280,남자,50,광주,M40+
1281,남자,50,경기,M40+
1282,남자,20,대구,M20-
1283,남자,40,경기,M40+
1284,여자,50,경상,F40+
1285,남자,30,경기,M30
1286,여자,20,인천,F20-
1287,남자,40,인천,M40+
1288,남자,30,경기,M30
1289,여자,20,서울,F20-
129,여자,30,서울,F30
1290,남자,30,경기,M30
1291,남자,30,경기,M30
1292,남자,20,경기,M20-
1293,여자,20,대구,F20-
1294,남자,30,인천,M30
1295,여자,20,서울,F20-
1296,남자,40,경기,M40+
1297,남자,20,대전,M20-
1298,남자,40,서울,M40+
1299,남자,50,대구,M40+
13,남자,50,경기,M40+
130,여자,60,서울,F40+
1300,남자,40,제주,M40+
1301,남자,50,서울,M40+
1302,남자,50,경기,M40+
1303,남자,40,충청,M40+
1304,남자,50,서울,M40+
1305,여자,40,서울,F40+
1306,남자,40,제주,M40+
1307,남자,30,경상,M30
1308,남자,50,서울,M40+
1309,여자,20,경기,F20-
131,여자,20,인천,F20-
1310,남자,40,전라,M40+
1311,남자,40,경상,M40+
1312,여자,30,경기,F30
1313,남자,20,광주,M20-
1314,남자,50,서울,M40+
1315,여자,30,인천,F30
1316,남자,40,부산,M40+
1317,여자,20,경기,F20-
1318,남자,30,대구,M30
1319,여자,30,경기,F30
132,여자,40,경기,F40+
1320,남자,30,경기,M30
1321,여자,30,전라,F30
1322,여자,30,충청,F30
1323,여자,20,서울,F20-
1324,여자,30,대구,F30
1325,여자,50,경기,F40+
1326,남자,30,대전,M30
1327,남자,30,경기,M30
1328,남자,20,서울,M20-
1329,여자,20,인천,F20-
133,여자,20,경상,F20-
1330,남자,30,전라,M30
1331,남자,30,광주,M30
1332,여자,40,서울,F40+
1333,남자,30,경기,M30
1334,남자,30,대구,M30
1335,여자,50,서울,F40+
1336,남자,20,서울,M20-
1337,남자,30,전라,M30
1338,남자,40,강원,M40+
1339,여자,40,서울,F40+
134,남자,50,인천,M40+
1340,남자,30,인천,M30
1341,여자,20,강원,F20-
1342,여자,20,서울,F20-
1343,남자,40,경기,M40+
1344,여자,30,경상,F30
1345,남자,20,서울,M20-
1346,남자,30,경기,M30
1347,남자,40,인천,M40+
1348,여자,20,부산,F20-
1349,남자,40,경기,M40+
135,남자,30,전라,M30
1350,여자,30,서울,F30
1351,남자,20,경상,M20-
1352,남자,30,경상,M30
1353,남자,40,인천,M40+
1354,여자,30,서울,F30
1355,남자,50,경기,M40+
1356,남자,50,부산,M40+
1357,남자,50,대구,M40+
1358,남자,40,인천,M40+
1359,남자,50,대구,M40+
136,남자,20,경기,M20-
1360,남자,20,대전,M20-
1361,남자,30,경상,M30
1362,남자,40,경기,M40+
1363,남자,50,서울,M40+
1364,남자,50,전라,M40+
1365,여자,40,서울,F40+
1366,남자,50,충청,M40+
1367,여자,30,울산,F30
1368,남자,40,인천,M40+
1369,여자,20,부산,F20-
137,남자,30,경상,M30
1370,남자,40,경기,M40+
1371,남자,20,서울,M20-
1372,남자,30,전라,M30
1373,남자,40,서울,M40+
1374,남자,40,경기,M40+
1375,여자,20,부산,F20-
1376,남자,30,인천,M30
1377,여자,30,경기,F30
1378,남자,30,경기,M30
1379,남자,40,충청,M40+
138,남자,50,부산,M40+
1380,남자,40,경기,M40+
1381,여자,40,경기,F40+
1382,여자,20,경기,F20-
1383,남자,30,경기,M30
1384,남자,40,경상,M40+
1385,남자,40,경기,M40+
1386,남자,30,대구,M30
1387,여자,30,경기,F30
1388,여자,20,제주,F20-
1389,여자,30,경기,F30
139,여자,40,경기,F40+
1390,남자,20,서울,M20-
1391,여자,30,경상,F30
1392,남자,10,인천,M20-
1393,남자,20,서울,M20-
1394,여자,30,부산,F30
1395,남자,40,전라,M40+
1396,남자,40,울산,M40+
1397,남자,40,인천,M40+
1398,여자,40,서울,F40+
1399,여자,20,대구,F20-
14,여자,20,서울,F20-
140,남자,20,서울,M20-
1400,남자,50,경기,M40+
1401,남자,30,대구,M30
1402,남자,40,경기,M40+
1403,남자,30,부산,M30
1404,여자,30,경기,F30
1405,남자,20,서울,M20-
1406,남자,20,경기,M20-
1407,여자,30,충청,F30
1408,남자,50,대구,M40+
1409,남자,30,서울,M30
141,남자,30,광주,M30
1410,여자,30,서울,F30
1411,남자,40,경상,M40+
1412,여자,40,서울,F40+
1413,여자,20,전라,F20-
1414,남자,30,부산,M30
1415,남자,30,경기,M30
1416,여자,20,부산,F20-
1417,여자,30,경기,F30
1418,여자,40,서울,F40+
1419,남자,50,경상,M40+
142,여자,40,서울,F40+
1420,여자,20,부산,F20-
1421,남자,30,부산,M30
1422,남자,30,대전,M30
1423,남자,40,경기,M40+
1424,남자,40,대전,M40+
1425,여자,40,대전,F40+
1426,남자,30,경기,M30
1427,남자,20,서울,M20-
1428,남자,50,인천,M40+
1429,여자,40,서울,F40+
143,여자,30,대구,F30
1430,여자,20,경기,F20-
1431,남자,30,경기,M30
1432,여자,30,제주,F30
1433,남자,30,경기,M30
1434,남자,50,경기,M40+
1435,여자,20,부산,F20-
1436,여자,40,서울,F40+
1437,남자,30,경기,M30
1438,남자,20,서울,M20-
1439,남자,40,경기,M40+
144,여자,30,대구,F30
1440,남자,40,부산,M40+
1441,남자,20,서울,M20-
1442,남자,20,서울,M20-
1443,여자,50,서울,F40+
1444,남자,40,충청,M40+
1445,남자,60,부산,M40+
1446,여자,40,서울,F40+
1447,남자,30,인천,M30
1448,여자,20,경기,F20-
1449,남자,30,경기,M30
145,남자,30,경상,M30
1450,여자,40,서울,F40+
1451,남자,30,부산,M30
1452,남자,30,서울,M30
1453,남자,50,광주,M40+
1454,여자,40,서울,F40+
1455,남자,40,경기,M40+
1456,남자,30,전라,M30
1457,여자,20,인천,F20-
1458,남자,20,부산,M20-
1459,남자,30,경상,M30
146,여자,40,충청,F40+
1460,남자,20,서울,M20-
1461,남자,30,부산,M30
1462,여자,40,광주,F40+
1463,여자,50,서울,F40+
1464,남자,20,서울,M20-
1465,남자,30,부산,M30
1466,남자,30,대구,M30
1467,남자,60,경기,M40+
1468,여자,30,서울,F30
1469,남자,40,충청,M40+
147,남자,30,강원,M30
1470,남자,30,서울,M30
1471,남자,20,서울,M20-
1472,남자,30,광주,M30
1473,여자,30,대구,F30
1474,남자,40,경기,M40+
1475,여자,30,강원,F30
1476,여자,40,경기,F40+
1477,여자,30,부산,F30
1478,남자,40,제주,M40+
1479,여자,30,인천,F30
148,남자,50,경상,M40+
1480,여자,30,제주,F30
1481,남자,40,경기,M40+
1482,여자,30,경상,F30
1483,남자,40,부산,M40+
1484,여자,30,서울,F30
1485,여자,30,경기,F30
1486,여자,30,경기,F30
1487,남자,20,서울,M20-
1488,남자,40,경기,M40+
1489,남자,40,서울,M40+
149,여자,30,대구,F30
1490,여자,40,서울,F40+
1491,여자,30,서울,F30
1492,남자,30,경기,M30
1493,여자,30,경기,F30
1494,남자,20,제주,M20-
1495,남자,40,대전,M40+
1496,여자,40,충청,F40+
1497,남자,30,경기,M30
1498,남자,30,부산,M30
1499,남자,30,광주,M30
15,여자,20,인천,F20-
150,남자,30,경기,M30
1500,남자,30,경기,M30
1501,여자,50,경기,F40+
1502,남자,40,충청,M40+
1503,여자,40,경상,F40+
1504,남자,20,서울,M20-
1505,남자,30,부산,M30
1506,여자,30,인천,F30
1507,남자,30,전라,M30
1508,여자,20,경기,F20-
1509,남자,30,경기,M30
151,남자,20,경기,M20-
1510,남자,20,제주,M20-
1511,여자,30,충청,F30
1512,여자,30,경기,F30
1513,여자,30,대전,F30
1514,남자,30,경기,M30
1515,여자,30,경기,F30
1516,남자,20,부산,M20-
1517,남자,40,경기,M40+
1518,여자,30,충청,F30
1519,여자,20,경기,F20-
152,남자,30,충청,M30
1520,남자,40,부산,M40+
1521,여자,30,서울,F30
1522,남자,30,경기,M30
1523,여자,30,서울,F30
1524,남자,20,서울,M20-
1525,남자,60,경기,M40+
1526,남자,30,전라,M30
1527,여자,30,부산,F30
1528,남자,40,경기,M40+
1529,남자,60,대전,M40+
153,여자,50,서울,F40+
1530,여자,30,경기,F30
1531,남자,30,광주,M30
1532,남자,20,인천,M20-
1533,여자,20,서울,F20-
1534,여자,40,서울,F40+
1535,여자,20,제주,F20-
1536,남자,40,경기,M40+
1537,남자,60,충청,M40+
1538,여자,20,서울,F20-
1539,여자,20,부산,F20-
154,여자,30,제주,F30
1540,남자,30,제주,M30
1541,여자,30,경기,F30
1542,여자,30,인천,F30
1543,여자,30,서울,F30
1544,여자,20,대전,F20-
1545,여자,40,경기,F40+
1546,여자,30,광주,F30
1547,여자,30,울산,F30
1548,남자,50,서울,M40+
1549,여자,40,충청,F40+
155,여자,30,서울,F30
1550,남자,30,경기,M30
1551,남자,20,대구,M20-
1552,여자,30,경상,F30
1553,여자,20,충청,F20-
1554,여자,40,경기,F40+
1555,남자,20,서울,M20-
1556,여자,20,인천,F20-
1557,남자,50,경기,M40+
1558,여자,20,서울,F20-
1559,여자,30,서울,F30
156,남자,60,충청,M40+
1560,남자,40,경기,M40+
1561,여자,40,전라,F40+
1562,남자,30,광주,M30
1563,여자,20,전라,F20-
1564,여자,50,서울,F40+
1565,남자,40,인천,M40+
1566,남자,30,울산,M30
1567,남자,50,전라,M40+
1568,여자,30,경기,F30
1569,남자,30,경기,M30
157,여자,30,서울,F30
1570,여자,30,경기,F30
1571,남자,50,광주,M40+
1572,남자,40,경기,M40+
1573,남자,30,제주,M30
1574,남자,40,인천,M40+
1575,남자,50,서울,M40+
1576,남자,40,경상,M40+
1577,남자,40,경상,M40+
1578,남자,50,서울,M40+
1579,남자,40,인천,M40+
158,남자,30,경상,M30
1580,남자,40,강원,M40+
1581,남자,40,경기,M40+
1582,남자,40,대구,M40+
1583,남자,10,인천,M20-
1584,여자,30,인천,F30
1585,남자,30,경기,M30
1586,남자,40,제주,M40+
1587,여자,30,대구,F30
1588,여자,20,경기,F20-
1589,남자,40,경기,M40+
159,여자,30,대전,F30
1590,여자,40,서울,F40+
1591,남자,20,광주,M20-
1592,남자,50,대구,M40+
1593,남자,40,경기,M40+
1594,남자,60,서울,M40+
1595,남자,20,서울,M20-
1596,남자,20,경기,M20-
1597,남자,60,서울,M40+
1598,남자,20,서울,M20-
1599,남자,40,경기,M40+
16,여자,30,경기,F30
160,남자,50,강원,M40+
1600,남자,30,서울,M30
1601,여자,30,서울,F30
1602,남자,50,서울,M40+
1603,남자,30,충청,M30
1604,남자,30,경기,M30
1605,여자,40,서울,F40+
1606,여자,20,서울,F20-
1607,여자,30,인천,F30
1608,남자,20,경기,M20-
1609,남자,40,부산,M40+
161,여자,40,인천,F40+
1610,남자,50,인천,M40+
1611,여자,30,경상,F30
1612,남자,40,경기,M40+
1613,여자,40,전라,F40+
1614,여자,20,서울,F20-
1615,여자,60,서울,F40+
1616,남자,40,충청,M40+
1617,남자,30,부산,M30
1618,여자,40,경상,F40+
1619,남자,40,경기,M40+
162,여자,30,울산,F30
1620,여자,20,경기,F20-
1621,남자,60,전라,M40+
1622,여자,60,서울,F40+
1623,여자,30,대전,F30
1624,남자,30,경상,M30
1625,남자,50,대전,M40+
1626,남자,40,충청,M40+
1627,남자,60,서울,M40+
1628,남자,20,서울,M20-
1629,남자,30,대전,M30
163,남자,40,인천,M40+
1630,여자,30,서울,F30
1631,여자,30,서울,F30
1632,남자,60,전라,M40+
1633,남자,20,서울,M20-
1634,여자,30,경기,F30
1635,남자,30,대구,M30
1636,여자,50,서울,F40+
1637,남자,40,경기,M40+
1638,남자,30,경기,M30
1639,여자,30,경기,F30
164,남자,40,경기,M40+
1640,여자,50,인천,F40+
1641,남자,30,경기,M30
1642,남자,40,충청,M40+
1643,남자,60,부산,M40+
1644,남자,50,서울,M40+
1645,남자,20,서울,M20-
1646,여자,30,경기,F30
1647,여자,50,인천,F40+
1648,여자,30,충청,F30
1649,남자,40,경상,M40+
165,여자,50,서울,F40+
1650,남자,40,대전,M40+
1651,남자,50,경상,M40+
1652,남자,40,경기,M40+
1653,남자,50,인천,M40+
1654,남자,50,서울,M40+
1655,남자,30,경기,M30
1656,남자,40,서울,M40+
1657,여자,20,대구,F20-
1658,남자,40,대구,M40+
1659,여자,30,경기,F30
166,남자,40,경기,M40+
1660,남자,20,서울,M20-
1661,여자,20,대전,F20-
1662,남자,30,경기,M30
1663,여자,30,제주,F30
1664,남자,40,경기,M40+
1665,여자,40,경기,F40+
1666,남자,30,부산,M30
1667,여자,30,전라,F30
1668,여자,40,서울,F40+
1669,남자,40,경기,M40+
167,여자,20,서울,F20-
1670,남자,20,서울,M20-
1671,남자,40,경기,M40+
1672,여자,40,서울,F40+
1673,남자,30,경기,M30
1674,남자,30,경상,M30
1675,남자,40,인천,M40+
1676,여자,40,서울,F40+
1677,여자,40,경기,F40+
1678,여자,40,서울,F40+
1679,여자,20,광주,F20-
168,여자,40,서울,F40+
1680,남자,30,부산,M30
1681,남자,30,대구,M30
1682,남자,30,경기,M30
1683,남자,40,경기,M40+
1684,남자,20,경기,M20-
1685,남자,40,경상,M40+
1686,남자,30,충청,M30
1687,여자,20,경기,F20-
1688,남자,20,대전,M20-
1689,남자,40,울산,M40+
169,여자,30,충청,F30
1690,여자,30,대전,F30
1691,남자,20,경기,M20-
1692,여자,20,경기,F20-
1693,여자,30,대구,F30
1694,여자,40,경기,F40+
1695,남자,30,대구,M30
1696,남자,30,강원,M30
1697,남자,30,경기,M30
1698,남자,30,울산,M30
1699,여자,40,경기,F40+
17,남자,30,대전,M30
170,남자,50,경상,M40+
1700,남자,50,인천,M40+
1701,여자,30,광주,F30
1702,남자,50,서울,M40+
1703,남자,40,서울,M40+
1704,여자,60,서울,F40+
1705,남자,40,경기,M40+
1706,남자,30,대전,M30
1707,남자,30,경기,M30
1708,남자,30,경기,M30
1709,여자,30,부산,F30
171,남자,50,경기,M40+
1710,여자,30,충청,F30
1711,여자,30,제주,F30
1712,남자,40,경기,M40+
1713,남자,30,부산,M30
1714,여자,50,서울,F40+
1715,여자,40,서울,F40+
1716,여자,30,대전,F30
1717,남자,30,경상,M30
1718,남자,20,서울,M20-
1719,남자,40,경기,M40+
172,남자,30,경기,M30
1720,여자,40,서울,F40+
1721,남자,50,울산,M40+
1722,남자,60,대구,M40+
1723,남자,40,전라,M40+
1724,남자,60,대구,M40+
1725,남자,40,충청,M40+
1726,남자,50,경상,M40+
1727,여자,60,서울,F40+
1728,남자,40,부산,M40+
1729,남자,30,경기,M30
173,남자,40,인천,M40+
1730,남자,30,인천,M30
1731,여자,30,서울,F30
1732,남자,20,대전,M20-
1733,남자,60,서울,M40+
1734,여자,40,경기,F40+
1735,여자,30,경기,F30
1736,남자,30,경상,M30
1737,남자,30,경기,M30
1738,여자,30,경상,F30
1739,여자,30,경기,F30
174,여자,60,서울,F40+
1740,남자,40,대구,M40+
1741,남자,30,대전,M30
1742,여자,30,부산,F30
1743,남자,30,부산,M30
1744,남자,50,경기,M40+
1745,여자,40,경기,F40+
1746,여자,30,경기,F30
1747,여자,40,서울,F40+
1748,남자,30,인천,M30
1749,여자,30,서울,F30
175,남자,30,경기,M30
1750,여자,30,서울,F30
1751,남자,20,대구,M20-
1752,남자,20,서울,M20-
1753,남자,40,강원,M40+
1754,남자,30,부산,M30
1755,여자,50,대전,F40+
1756,여자,40,경기,F40+
1757,남자,60,충청,M40+
1758,남자,40,충청,M40+
1759,남자,30,서울,M30
176,여자,30,대구,F30
1760,남자,40,서울,M40+
1761,남자,30,인천,M30
1762,남자,30,경기,M30
1763,여자,50,경기,F40+
1764,남자,40,경상,M40+
1765,남자,20,서울,M20-
1766,남자,30,인천,M30
1767,여자,20,경기,F20-
1768,여자,30,서울,F30
1769,남자,40,경상,M40+
177,남자,30,인천,M30
1770,남자,30,충청,M30
1771,남자,50,강원,M40+
1772,남자,50,경기,M40+
1773,남자,40,울산,M40+
1774,여자,20,서울,F20-
1775,여자,50,경기,F40+
1776,남자,50,부산,M40+
1777,여자,30,대전,F30
1778,남자,30,경기,M30
1779,남자,40,경기,M40+
178,여자,30,경기,F30
1780,남자,40,대전,M40+
1781,남자,30,부산,M30
1782,남자,50,서울,M40+
1783,여자,20,부산,F20-
1784,여자,20,경상,F20-
1785,여자,30,대구,F30
1786,남자,40,부산,M40+
1787,남자,30,경기,M30
1788,남자,40,경기,M40+
1789,남자,50,경상,M40+
179,남자,40,경기,M40+
1790,남자,30,경기,M30
1791,남자,40,대구,M40+
1792,여자,20,서울,F20-
1793,남자,50,충청,M40+
1794,여자,40,서울,F40+
1795,남자,60,대전,M40+
1796,남자,40,전라,M40+
1797,여자,60,경기,F40+
1798,남자,50,경기,M40+
1799,남자,40,부산,M40+
18,남자,60,경기,M40+
180,남자,50,서울,M40+
1800,남자,40,서울,M40+
1801,남자,50,부산,M40+
1802,남자,30,경기,M30
1803,남자,30,경상,M30
1804,남자,60,경상,M40+
1805,여자,30,경기,F30
1806,남자,30,충청,M30
1807,여자,40,서울,F40+
1808,남자,50,전라,M40+
1809,여자,20,광주,F20-
181,여자,30,경기,F30
1810,여자,20,대전,F20-
1811,남자,20,전라,M20-
1812,여자,50,서울,F40+
1813,남자,40,충청,M40+
1814,남자,20,부산,M20-
1815,남자,20,대전,M20-
1816,남자,20,서울,M20-
1817,남자,40,경기,M40+
1818,남자,40,부산,M40+
1819,남자,20,서울,M20-
182,남자,30,강원,M30
1820,남자,30,경상,M30
1821,여자,30,경기,F30
1822,남자,30,대전,M30
1823,남자,30,인천,M30
1824,여자,20,경기,F20-
1825,여자,60,부산,F40+
1826,남자,60,경기,M40+
1827,여자,30,경기,F30
1828,여자,20,인천,F20-
1829,남자,40,인천,M40+
183,남자,30,경기,M30
1830,여자,40,서울,F40+
1831,여자,50,경기,F40+
1832,남자,30,울산,M30
1833,여자,20,서울,F20-
1834,남자,40,경상,M40+
1835,남자,40,서울,M40+
1836,남자,30,경기,M30
1837,남자,40,강원,M40+
1838,여자,60,전라,F40+
1839,여자,60,서울,F40+
184,여자,40,서울,F40+
1840,남자,30,경상,M30
1841,여자,10,경기,F20-
1842,여자,30,서울,F30
1843,남자,20,서울,M20-
1844,여자,30,대전,F30
1845,여자,20,경기,F20-
1846,남자,50,대구,M40+
1847,남자,50,전라,M40+
1848,남자,30,서울,M30
1849,남자,20,서울,M20-
185,남자,50,경기,M40+
1850,남자,30,부산,M30
1851,남자,60,경기,M40+
1852,남자,30,충청,M30
1853,여자,40,대구,F40+
1854,여자,30,서울,F30
1855,남자,40,대구,M40+
1856,여자,30,서울,F30
1857,남자,60,인천,M40+
1858,남자,40,경기,M40+
1859,남자,30,울산,M30
186,남자,30,대구,M30
1860,여자,30,경기,F30
1861,남자,30,경기,M30
1862,남자,30,경기,M30
1863,남자,40,부산,M40+
1864,남자,30,서울,M30
1865,남자,30,울산,M30
1866,여자,40,서울,F40+
1867,남자,20,서울,M20-
1868,남자,30,경상,M30
1869,남자,30,경기,M30
187,여자,20,서울,F20-
1870,여자,30,경기,F30
1871,여자,20,경기,F20-
1872,남자,40,제주,M40+
1873,남자,40,경기,M40+
1874,남자,50,경기,M40+
1875,남자,50,경상,M40+
1876,남자,40,경기,M40+
1877,여자,40,경기,F40+
1878,여자,30,인천,F30
1879,남자,40,광주,M40+
188,남자,40,경기,M40+
1880,여자,50,서울,F40+
1881,남자,30,부산,M30
1882,여자,40,서울,F40+
1883,남자,30,부산,M30
1884,남자,30,경상,M30
1885,남자,30,서울,M30
1886,여자,20,인천,F20-
1887,여자,30,경기,F30
1888,여자,20,대구,F20-
1889,남자,40,서울,M40+
189,남자,30,경기,M30
1890,여자,40,경기,F40+
1891,남자,20,경기,M20-
1892,남자,30,경기,M30
1893,남자,40,경기,M40+
1894,여자,50,경상,F40+
1895,여자,30,인천,F30
1896,여자,30,서울,F30
1897,남자,40,경기,M40+
1898,남자,20,경기,M20-
1899,남자,40,서울,M40+
19,남자,30,부산,M30
190,남자,30,부산,M30
1900,여자,30,부산,F30
1901,여자,20,경기,F20-
1902,남자,20,서울,M20-
1903,여자,20,울산,F20-
1904,남자,60,경기,M40+
1905,남자,40,경기,M40+
1906,남자,30,경기,M30
1907,남자,20,대구,M20-
1908,남자,30,경기,M30
1909,남자,30,경기,M30
191,남자,20,전라,M20-
1910,남자,30,경기,M30
1911,여자,40,서울,F40+
1912,남자,30,경기,M30
1913,여자,20,부산,F20-
1914,남자,30,인천,M30
1915,여자,30,인천,F30
1916,남자,40,대전,M40+
1917,여자,30,전라,F30
1918,남자,30,경기,M30
1919,남자,40,경기,M40+
192,여자,40,제주,F40+
1920,남자,40,경기,M40+
1921,남자,60,서울,M40+
1922,남자,30,서울,M30
1923,여자,30,경상,F30
1924,남자,40,서울,M40+
1925,여자,20,대전,F20-
1926,남자,20,전라,M20-
1927,여자,30,경기,F30
1928,남자,30,경기,M30
1929,여자,20,인천,F20-
193,남자,40,강원,M40+
1930,남자,40,경상,M40+
1931,여자,30,경기,F30
1932,남자,30,경기,M30
1933,남자,30,경상,M30
1934,남자,30,서울,M30
1935,여자,30,경기,F30
1936,남자,40,대전,M40+
1937,남자,40,울산,M40+
1938,여자,30,인천,F30
1939,남자,40,부산,M40+
194,남자,10,강원,M20-
1940,남자,40,충청,M40+
1941,남자,40,대구,M40+
1942,여자,20,서울,F20-
1943,남자,20,부산,M20-
1944,남자,40,경기,M40+
1945,남자,30,서울,M30
1946,남자,40,인천,M40+
1947,남자,40,경기,M40+
1948,여자,20,부산,F20-
1949,남자,40,서울,M40+
195,남자,30,경기,M30
1950,남자,60,충청,M40+
1951,남자,40,대구,M40+
1952,남자,40,경상,M40+
1953,여자,40,서울,F40+
1954,여자,30,경기,F30
1955,여자,20,경기,F20-
1956,여자,40,경상,F40+
1957,남자,40,경기,M40+
1958,남자,30,충청,M30
1959,남자,50,경상,M40+
196,여자,40,서울,F40+
1960,남자,30,대전,M30
1961,남자,40,경기,M40+
1962,여자,50,서울,F40+
1963,남자,30,제주,M30
1964,남자,40,경상,M40+
1965,남자,50,경기,M40+
1966,남자,30,울산,M30
1967,남자,20,부산,M20-
1968,여자,20,경기,F20-
1969,남자,30,경기,M30
197,여자,40,서울,F40+
1970,남자,40,경상,M40+
1971,남자,40,경기,M40+
1972,여자,40,경기,F40+
1973,남자,20,서울,M20-
1974,남자,50,경상,M40+
1975,여자,50,서울,F40+
1976,남자,30,대전,M30
1977,남자,30,경상,M30
1978,남자,40,서울,M40+
1979,남자,30,대전,M30
198,남자,30,울산,M30
1980,남자,30,경기,M30
1981,남자,30,부산,M30
1982,남자,30,경기,M30
1983,여자,40,강원,F40+
1984,여자,30,부산,F30
1985,남자,40,경기,M40+
1986,여자,20,대전,F20-
1987,남자,40,울산,M40+
1988,남자,50,부산,M40+
1989,여자,30,부산,F30
199,남자,30,인천,M30
1990,여자,50,경기,F40+
1991,남자,40,충청,M40+
1992,남자,40,인천,M40+
1993,남자,40,부산,M40+
1994,남자,20,서울,M20-
1995,남자,40,경상,M40+
1996,남자,40,울산,M40+
1997,여자,50,서울,F40+
1998,남자,40,경상,M40+
1999,여자,50,경상,F40+
2,여자,20,서울,F20-
20,남자,30,부산,M30
200,남자,20,경기,M20-
2000,여자,30,대구,F30
2001,남자,20,서울,M20-
2002,남자,40,대전,M40+
2003,남자,20,대전,M20-
2004,여자,20,대구,F20-
2005,남자,30,인천,M30
2006,남자,50,인천,M40+
2007,여자,20,경기,F20-
2008,남자,30,광주,M30
2009,남자,40,울산,M40+
201,여자,40,서울,F40+
2010,남자,30,경기,M30
2011,여자,30,부산,F30
2012,남자,20,서울,M20-
2013,남자,30,대구,M30
2014,남자,30,경기,M30
2015,남자,40,경상,M40+
2016,여자,50,서울,F40+
2017,남자,30,서울,M30
2018,남자,30,대전,M30
2019,여자,30,서울,F30
202,여자,30,서울,F30
2020,남자,30,부산,M30
2021,남자,50,경기,M40+
2022,남자,40,경기,M40+
2023,남자,50,부산,M40+
2024,남자,30,부산,M30
2025,남자,50,인천,M40+
2026,여자,40,경기,F40+
2027,남자,30,경상,M30
2028,남자,30,울산,M30
2029,여자,30,서울,F30
203,남자,30,서울,M30
2030,남자,40,서울,M40+
2031,남자,40,경기,M40+
2032,남자,40,서울,M40+
2033,남자,20,인천,M20-
2034,여자,40,서울,F40+
2035,남자,30,대구,M30
2036,남자,50,경기,M40+
2037,남자,30,서울,M30
2038,남자,30,경기,M30
2039,남자,50,경기,M40+
204,남자,40,인천,M40+
2040,여자,50,경기,F40+
2041,남자,40,경기,M40+
2042,남자,20,대전,M20-
2043,남자,30,부산,M30
2044,남자,40,대전,M40+
2045,남자,30,서울,M30
2046,여자,50,인천,F40+
2047,여자,50,경상,F40+
2048,남자,40,경기,M40+
2049,남자,30,대구,M30
205,남자,30,부산,M30
2050,여자,30,경기,F30
2051,남자,30,경상,M30
2052,남자,40,제주,M40+
2053,여자,30,서울,F30
2054,여자,30,경기,F30
2055,여자,20,대구,F20-
2056,남자,40,경상,M40+
2057,여자,40,경기,F40+
2058,여자,40,경상,F40+
2059,남자,60,서울,M40+
206,남자,30,충청,M30
2060,여자,40,서울,F40+
2061,남자,30,전라,M30
2062,남자,30,부산,M30
2063,남자,20,울산,M20-
2064,여자,50,전라,F40+
2065,여자,20,부산,F20-
2066,남자,50,부산,M40+
2067,남자,30,부산,M30
2068,남자,30,경기,M30
2069,여자,30,대전,F30
207,남자,50,울산,M40+
2070,남자,30,경기,M30
2071,여자,30,광주,F30
2072,남자,50,서울,M40+
2073,여자,40,서울,F40+
2074,남자,20,서울,M20-
2075,남자,30,경기,M30
2076,여자,20,부산,F20-
2077,여자,30,경기,F30
2078,남자,30,경기,M30
2079,남자,50,강원,M40+
208,남자,30,인천,M30
2080,여자,20,울산,F20-
2081,남자,30,서울,M30
2082,남자,30,경기,M30
2083,남자,30,강원,M30
2084,남자,40,서울,M40+
2085,남자,40,경기,M40+
2086,남자,40,대구,M40+
2087,여자,20,제주,F20-
2088,여자,30,서울,F30
2089,여자,40,서울,F40+
209,남자,40,서울,M40+
2090,남자,30,경기,M30
2091,남자,20,경기,M20-
2092,남자,20,서울,M20-
2093,여자,20,경기,F20-
2094,남자,30,경기,M30
2095,남자,40,인천,M40+
2096,여자,30,대전,F30
2097,남자,40,경기,M40+
2098,남자,20,경기,M20-
2099,남자,40,경기,M40+
21,여자,50,서울,F40+
210,남자,60,서울,M40+
2100,여자,20,서울,F20-
2101,남자,40,대구,M40+
2102,남자,40,충청,M40+
2103,남자,30,경상,M30
2104,여자,40,서울,F40+
2105,여자,20,충청,F20-
2106,남자,30,경기,M30
2107,여자,40,서울,F40+
2108,여자,20,충청,F20-
2109,여자,50,서울,F40+
211,남자,20,경상,M20-
2110,남자,30,부산,M30
2111,남자,20,서울,M20-
2112,남자,30,충청,M30
2113,여자,30,서울,F30
2114,여자,20,서울,F20-
2115,남자,20,서울,M20-
2116,남자,50,부산,M40+
2117,여자,30,부산,F30
2118,남자,20,서울,M20-
2119,남자,20,인천,M20-
212,남자,60,인천,M40+
2120,여자,30,인천,F30
2121,여자,40,서울,F40+
2122,남자,30,대구,M30
2123,남자,20,부산,M20-
2124,남자,40,경기,M40+
2125,여자,20,경기,F20-
2126,여자,20,경기,F20-
2127,여자,20,서울,F20-
2128,남자,50,부산,M40+
2129,남자,30,부산,M30
213,남자,20,서울,M20-
2130,여자,30,경기,F30
2131,여자,40,인천,F40+
2132,남자,30,경기,M30
2133,남자,40,경상,M40+
2134,여자,30,경상,F30
2135,여자,40,대구,F40+
2136,남자,50,경상,M40+
2137,남자,30,대구,M30
2138,남자,30,서울,M30
2139,여자,40,서울,F40+
214,여자,30,대전,F30
2140,남자,40,전라,M40+
2141,여자,30,광주,F30
2142,여자,40,서울,F40+
2143,남자,40,충청,M40+
2144,남자,50,인천,M40+
2145,남자,40,경기,M40+
2146,남자,50,경기,M40+
2147,남자,50,경기,M40+
2148,남자,30,경기,M30
2149,남자,30,경기,M30
215,여자,40,경기,F40+
2150,남자,40,경기,M40+
2151,남자,30,울산,M30
2152,남자,40,인천,M40+
2153,남자,50,부산,M40+
2154,남자,20,인천,M20-
2155,남자,30,전라,M30
2156,남자,50,부산,M40+
2157,남자,30,경기,M30
2158,여자,30,경기,F30
2159,여자,30,경기,F30
216,여자,40,경기,F40+
2160,남자,50,부산,M40+
2161,남자,40,경상,M40+
2162,남자,30,경기,M30
2163,남자,20,서울,M20-
2164,남자,30,경기,M30
2165,여자,40,경기,F40+
2166,여자,30,부산,F30
2167,남자,30,충청,M30
2168,남자,40,부산,M40+
2169,남자,30,서울,M30
217,남자,20,제주,M20-
2170,남자,20,인천,M20-
2171,여자,20,서울,F20-
2172,여자,50,전라,F40+
2173,남자,40,경상,M40+
2174,여자,30,전라,F30
2175,여자,30,서울,F30
2176,남자,30,인천,M30
2177,여자,20,인천,F20-
2178,남자,40,서울,M40+
2179,여자,30,광주,F30
218,남자,40,서울,M40+
2180,남자,40,대전,M40+
2181,여자,30,경기,F30
2182,남자,20,경기,M20-
2183,여자,30,서울,F30
2184,남자,30,광주,M30
2185,여자,40,서울,F40+
2186,남자,30,부산,M30
2187,여자,20,서울,F20-
2188,남자,20,서울,M20-
2189,여자,20,서울,F20-
219,남자,40,경기,M40+
2190,여자,40,서울,F40+
2191,남자,30,경상,M30
2192,남자,30,대전,M30
2193,여자,20,경기,F20-
2194,남자,20,경기,M20-
2195,남자,40,경기,M40+
2196,남자,30,서울,M30
2197,여자,20,대전,F20-
2198,남자,30,부산,M30
2199,남자,40,경기,M40+
22,여자,20,경기,F20-
220,남자,30,경상,M30
2200,남자,50,부산,M40+
2201,여자,30,인천,F30
2202,남자,30,인천,M30
2203,남자,40,서울,M40+
2204,여자,20,대전,F20-
2205,남자,40,인천,M40+
2206,남자,20,경기,M20-
2207,여자,40,서울,F40+
2208,남자,30,대전,M30
2209,여자,20,부산,F20-
221,여자,30,인천,F30
2210,여자,20,대전,F20-
2211,남자,30,경기,M30
2212,남자,30,서울,M30
2213,여자,40,경상,F40+
2214,남자,30,강원,M30
2215,여자,30,서울,F30
2216,남자,30,경기,M30
2217,남자,20,강원,M20-
2218,여자,30,광주,F30
2219,남자,30,부산,M30
222,남자,30,경상,M30
2220,남자,50,충청,M40+
2221,여자,30,서울,F30
2222,남자,30,부산,M30
2223,여자,30,경기,F30
2224,남자,40,강원,M40+
2225,남자,30,경기,M30
2226,여자,20,경기,F20-
2227,여자,50,서울,F40+
2228,여자,20,서울,F20-
2229,여자,40,서울,F40+
223,여자,30,전라,F30
2230,여자,50,서울,F40+
2231,남자,40,경기,M40+
2232,남자,30,경기,M30
2233,여자,40,경상,F40+
2234,남자,30,대구,M30
2235,남자,20,충청,M20-
2236,남자,50,부산,M40+
2237,남자,40,서울,M40+
2238,남자,30,제주,M30
2239,여자,30,서울,F30
224,남자,50,전라,M40+
2240,남자,30,대구,M30
2241,남자,40,서울,M40+
2242,여자,20,대전,F20-
2243,남자,20,대전,M20-
2244,남자,30,경기,M30
2245,여자,30,인천,F30
2246,여자,30,부산,F30
2247,남자,50,서울,M40+
2248,남자,40,충청,M40+
2249,남자,20,서울,M20-
225,남자,40,서울,M40+
2250,남자,30,경기,M30
2251,남자,30,경기,M30
2252,남자,50,경상,M40+
2253,남자,30,충청,M30
2254,남자,40,울산,M40+
2255,남자,30,광주,M30
2256,남자,60,충청,M40+
2257,여자,40,서울,F40+
2258,남자,30,경기,M30
2259,남자,40,경기,M40+
226,여자,30,전라,F30
2260,남자,20,대구,M20-
2261,여자,40,서울,F40+
2262,여자,40,경기,F40+
2263,여자,30,경상,F30
2264,남자,50,부산,M40+
2265,남자,20,부산,M20-
2266,여자,60,전라,F40+
2267,여자,40,서울,F40+
2268,남자,30,경기,M30
2269,남자,40,경기,M40+
227,남자,30,서울,M30
2270,남자,30,충청,M30
2271,여자,40,충청,F40+
2272,남자,30,대구,M30
2273,남자,30,대전,M30
2274,남자,40,경기,M40+
2275,여자,30,부산,F30
2276,여자,20,제주,F20-
2277,남자,30,경기,M30
2278,여자,20,충청,F20-
2279,남자,40,경기,M40+
228,남자,50,대구,M40+
2280,남자,30,울산,M30
2281,남자,20,부산,M20-
2282,여자,20,광주,F20-
2283,남자,20,서울,M20-
2284,남자,40,대전,M40+
2285,남자,60,서울,M40+
2286,남자,40,경기,M40+
2287,남자,30,서울,M30
2288,남자,40,경기,M40+
2289,여자,40,서울,F40+
229,남자,50,서울,M40+
2290,여자,30,서울,F30
2291,여자,40,서울,F40+
2292,여자,20,경기,F20-
2293,남자,40,충청,M40+
2294,남자,30,경상,M30
2295,남자,50,인천,M40+
2296,여자,40,서울,F40+
2297,여자,20,경기,F20-
2298,여자,20,인천,F20-
2299,남자,30,대구,M30
23,여자,30,부산,F30
230,남자,20,서울,M20-
2300,남자,30,인천,M30
2301,남자,50,경상,M40+
2302,남자,30,경상,M30
2303,여자,30,부산,F30
2304,남자,30,경기,M30
2305,남자,50,광주,M40+
2306,남자,20,서울,M20-
2307,남자,40,울산,M40+
2308,남자,40,울산,M40+
2309,남자,40,경상,M40+
231,남자,40,경상,M40+
2310,여자,40,경기,F40+
2311,남자,30,경기,M30
2312,여자,30,대전,F30
2313,여자,30,경기,F30
2314,남자,60,전라,M40+
2315,남자,40,경기,M40+
2316,남자,30,서울,M30
2317,남자,50,서울,M40+
2318,여자,40,경상,F40+
2319,여자,40,인천,F40+
232,남자,40,서울,M40+
2320,여자,50,서울,F40+
2321,여자,50,서울,F40+
2322,남자,30,경기,M30
2323,남자,40,충청,M40+
2324,남자,20,전라,M20-
2325,남자,50,서울,M40+
2326,남자,40,경기,M40+
2327,남자,20,충청,M20-
2328,남자,30,경기,M30
2329,남자,30,경상,M30
233,남자,40,강원,M40+
2330,여자,30,광주,F30
2331,여자,20,경기,F20-
2332,남자,30,서울,M30
2333,여자,30,서울,F30
2334,여자,40,경기,F40+
2335,남자,30,대구,M30
2336,남자,40,부산,M40+
2337,남자,50,인천,M40+
2338,남자,40,경기,M40+
2339,여자,20,부산,F20-
234,남자,20,경상,M20-
2340,여자,30,서울,F30
2341,남자,40,경기,M40+
2342,여자,30,대구,F30
2343,남자,60,서울,M40+
2344,남자,40,대구,M40+
2345,여자,40,서울,F40+
2346,여자,30,부산,F30
2347,여자,20,충청,F20-
2348,여자,40,서울,F40+
2349,여자,40,울산,F40+
235,남자,40,대구,M40+
2350,남자,40,경기,M40+
2351,여자,20,경상,F20-
2352,남자,50,경기,M40+
2353,여자,50,서울,F40+
2354,남자,40,경기,M40+
2355,남자,60,경기,M40+
2356,남자,60,충청,M40+
2357,남자,30,경기,M30
2358,남자,40,대구,M40+
2359,남자,30,경기,M30
236,여자,20,부산,F20-
2360,남자,20,부산,M20-
2361,남자,30,울산,M30
2362,남자,30,대전,M30
2363,남자,30,경기,M30
2364,남자,40,경상,M40+
2365,남자,30,경기,M30
2366,남자,50,대전,M40+
2367,남자,40,경기,M40+
2368,여자,30,부산,F30
2369,남자,40,대전,M40+
237,남자,30,서울,M30
2370,남자,40,경기,M40+
2371,여자,30,서울,F30
2372,여자,40,서울,F40+
2373,여자,20,대구,F20-
2374,남자,40,경기,M40+
2375,남자,40,인천,M40+
2376,남자,30,충청,M30
2377,여자,50,경기,F40+
2378,남자,40,경기,M40+
2379,남자,50,경상,M40+
238,여자,20,경기,F20-
2380,남자,40,서울,M40+
2381,남자,40,부산,M40+
2382,남자,30,대구,M30
2383,남자,40,경기,M40+
2384,남자,30,경기,M30
2385,남자,40,인천,M40+
2386,여자,40,충청,F40+
2387,남자,50,경기,M40+
2388,여자,50,서울,F40+
2389,남자,30,경기,M30
239,남자,20,서울,M20-
2390,여자,30,경기,F30
2391,남자,40,전라,M40+
2392,남자,30,경기,M30
2393,여자,20,울산,F20-
2394,여자,10,충청,F20-
2395,남자,30,서울,M30
2396,여자,30,경기,F30
2397,남자,40,제주,M40+
2398,여자,30,부산,F30
2399,남자,30,울산,M30
24,남자,60,서울,M40+
240,여자,40,충청,F40+
2400,남자,40,부산,M40+
2401,남자,40,전라,M40+
2402,남자,40,경기,M40+
2403,남자,40,경상,M40+
2404,남자,40,경기,M40+
2405,여자,30,충청,F30
2406,남자,30,인천,M30
2407,여자,50,서울,F40+
2408,여자,50,서울,F40+
2409,남자,20,서울,M20-
241,남자,50,부산,M40+
2410,남자,40,광주,M40+
2411,남자,50,부산,M40+
2412,남자,40,인천,M40+
2413,여자,20,충청,F20-
2414,남자,50,울산,M40+
2415,남자,20,서울,M20-
2416,여자,30,서울,F30
2417,남자,40,충청,M40+
2418,여자,30,서울,F30
2419,남자,40,서울,M40+
242,남자,30,충청,M30
2420,남자,30,부산,M30
2421,남자,50,경기,M40+
2422,남자,30,광주,M30
2423,여자,30,경기,F30
2424,남자,30,충청,M30
2425,남자,30,경기,M30
2426,남자,40,서울,M40+
2427,여자,40,전라,F40+
2428,여자,40,서울,F40+
2429,여자,40,서울,F40+
243,남자,30,경기,M30
2430,남자,30,서울,M30
2431,여자,20,경상,F20-
2432,남자,20,인천,M20-
2433,남자,20,전라,M20-
2434,남자,30,부산,M30
2435,남자,30,광주,M30
2436,여자,40,서울,F40+
2437,여자,20,경기,F20-
2438,남자,50,대구,M40+
2439,여자,20,경기,F20-
244,남자,40,서울,M40+
2440,남자,30,대전,M30
2441,남자,50,경기,M40+
2442,남자,30,경기,M30
2443,남자,30,충청,M30
2444,남자,20,부산,M20-
2445,남자,50,제주,M40+
2446,여자,40,부산,F40+
2447,남자,40,광주,M40+
2448,여자,40,대구,F40+
2449,남자,20,경상,M20-
245,남자,30,경상,M30
2450,남자,40,강원,M40+
2451,여자,30,서울,F30
2452,여자,20,광주,F20-
2453,남자,50,서울,M40+
2454,여자,40,서울,F40+
2455,남자,30,경기,M30
2456,남자,30,부산,M30
2457,남자,40,경상,M40+
2458,남자,30,서울,M30
2459,남자,20,제주,M20-
246,남자,30,경기,M30
2460,여자,50,경상,F40+
2461,남자,40,경상,M40+
2462,남자,30,경기,M30
2463,남자,40,서울,M40+
2464,남자,20,대전,M20-
2465,남자,40,서울,M40+
2466,남자,30,광주,M30
2467,여자,30,서울,F30
2468,남자,20,서울,M20-
2469,남자,40,경기,M40+
247,여자,20,제주,F20-
2470,남자,40,충청,M40+
2471,여자,30,제주,F30
2472,남자,20,서울,M20-
2473,남자,30,서울,M30
2474,여자,40,대구,F40+
2475,남자,30,서울,M30
2476,남자,30,경기,M30
2477,남자,30,인천,M30
2478,남자,50,경기,M40+
2479,남자,30,대전,M30
248,남자,40,경기,M40+
2480,남자,50,서울,M40+
2481,남자,30,경기,M30
2482,남자,10,서울,M20-
2483,남자,30,경기,M30
2484,여자,40,경상,F40+
2485,남자,20,제주,M20-
2486,남자,20,서울,M20-
2487,여자,20,서울,F20-
2488,남자,30,부산,M30
2489,여자,40,서울,F40+
249,남자,60,경기,M40+
2490,여자,30,경기,F30
2491,여자,30,경기,F30
2492,여자,30,충청,F30
2493,여자,40,대전,F40+
2494,남자,20,서울,M20-
2495,여자,30,서울,F30
2496,남자,50,경기,M40+
2497,남자,20,충청,M20-
2498,여자,40,부산,F40+
2499,남자,20,대전,M20-
25,남자,30,인천,M30
250,여자,30,울산,F30
2500,남자,40,부산,M40+
251,남자,20,서울,M20-
252,여자,30,경기,F30
253,남자,40,대전,M40+
254,여자,30,경기,F30
255,남자,60,인천,M40+
256,여자,20,경기,F20-
257,남자,40,대구,M40+
258,여자,30,경기,F30
259,남자,50,충청,M40+
26,남자,40,인천,M40+
260,남자,50,서울,M40+
261,여자,30,대전,F30
262,남자,30,울산,M30
263,여자,60,인천,F40+
264,남자,30,서울,M30
265,남자,40,경기,M40+
266,남자,30,부산,M30
267,여자,20,서울,F20-
268,남자,40,경기,M40+
269,남자,30,충청,M30
27,여자,20,서울,F20-
270,남자,30,울산,M30
271,남자,40,서울,M40+
272,남자,40,제주,M40+
273,여자,20,경기,F20-
274,여자,20,대전,F20-
275,여자,30,서울,F30
276,여자,40,서울,F40+
277,남자,20,경기,M20-
278,여자,40,서울,F40+
279,여자,20,인천,F20-
28,남자,30,경기,M30
280,남자,30,경기,M30
281,여자,20,서울,F20-
282,남자,50,대구,M40+
283,여자,20,서울,F20-
284,여자,30,경기,F30
285,남자,30,경기,M30
286,남자,20,서울,M20-
287,여자,20,경기,F20-
288,남자,50,경상,M40+
289,남자,40,광주,M40+
29,남자,20,충청,M20-
290,여자,30,서울,F30
291,여자,30,경기,F30
292,남자,30,경상,M30
293,여자,30,광주,F30
294,여자,10,서울,F20-
295,여자,20,경기,F20-
296,남자,20,경상,M20-
297,여자,30,서울,F30
298,남자,30,서울,M30
299,남자,30,경상,M30
3,여자,20,경기,F20-
30,남자,60,전라,M40+
300,남자,20,서울,M20-
301,남자,30,경기,M30
302,여자,50,서울,F40+
303,여자,30,경기,F30
304,남자,50,서울,M40+
305,남자,30,인천,M30
306,남자,50,경상,M40+
307,남자,50,부산,M40+
308,남자,50,서울,M40+
309,여자,40,서울,F40+
31,남자,40,부산,M40+
310,여자,30,경기,F30
311,여자,10,전라,F20-
312,남자,40,인천,M40+
313,여자,20,경기,F20-
314,여자,40,경기,F40+
315,남자,30,인천,M30
316,남자,30,제주,M30
317,여자,20,경기,F20-
318,남자,20,서울,M20-
319,남자,20,대구,M20-
32,여자,30,서울,F30
320,여자,40,경기,F40+
321,남자,50,경기,M40+
322,여자,50,대전,F40+
323,남자,20,대구,M20-
324,남자,60,서울,M40+
325,여자,20,서울,F20-
326,여자,30,인천,F30
327,여자,20,서울,F20-
328,남자,30,서울,M30
329,여자,30,대구,F30
33,남자,30,서울,M30
330,남자,30,대구,M30
331,여자,30,전라,F30
332,여자,20,경기,F20-
333,여자,20,경상,F20-
334,남자,50,서울,M40+
335,여자,40,서울,F40+
336,남자,40,경기,M40+
337,여자,30,경기,F30
338,여자,30,경상,F30
339,남자,40,대전,M40+
34,여자,50,서울,F40+
340,남자,40,경기,M40+
341,남자,30,경상,M30
342,남자,40,경기,M40+
343,남자,40,서울,M40+
344,남자,30,전라,M30
345,여자,40,경기,F40+
346,남자,40,부산,M40+
347,여자,40,서울,F40+
348,여자,20,서울,F20-
349,남자,40,경기,M40+
35,여자,50,서울,F40+
350,여자,30,경기,F30
351,여자,30,대구,F30
352,남자,30,전라,M30
353,여자,40,서울,F40+
354,남자,40,부산,M40+
355,남자,30,경기,M30
356,남자,50,충청,M40+
357,남자,20,경기,M20-
358,남자,30,인천,M30
359,남자,50,경상,M40+
36,여자,30,인천,F30
360,남자,30,대구,M30
361,남자,20,서울,M20-
362,여자,40,경기,F40+
363,남자,40,대전,M40+
364,남자,40,경기,M40+
365,남자,40,충청,M40+
366,여자,40,서울,F40+
367,남자,40,울산,M40+
368,남자,20,서울,M20-
369,남자,40,인천,M40+
37,여자,30,경기,F30
370,남자,20,충청,M20-
371,남자,20,대전,M20-
372,남자,30,전라,M30
373,남자,40,전라,M40+
374,여자,20,서울,F20-
375,여자,30,서울,F30
376,남자,50,충청,M40+
377,여자,30,인천,F30
378,여자,40,인천,F40+
379,남자,40,경기,M40+
38,남자,40,제주,M40+
380,여자,50,광주,F40+
381,여자,20,서울,F20-
382,남자,20,서울,M20-
383,남자,30,경기,M30
384,여자,30,서울,F30
385,여자,30,서울,F30
386,남자,30,강원,M30
387,여자,10,서울,F20-
388,여자,40,서울,F40+
389,남자,50,서울,M40+
39,여자,30,서울,F30
390,여자,50,서울,F40+
391,여자,20,서울,F20-
392,여자,40,경기,F40+
393,여자,30,부산,F30
394,남자,50,경기,M40+
395,남자,30,경기,M30
396,여자,40,서울,F40+
397,남자,20,서울,M20-
398,남자,30,경기,M30
399,여자,30,서울,F30
4,남자,30,광주,M30
40,여자,40,경상,F40+
400,남자,40,서울,M40+
401,여자,50,대전,F40+
402,남자,20,서울,M20-
403,남자,30,경상,M30
404,여자,40,경상,F40+
405,남자,40,서울,M40+
406,여자,30,서울,F30
407,남자,20,대구,M20-
408,여자,20,서울,F20-
409,여자,40,서울,F40+
41,남자,30,인천,M30
410,남자,40,충청,M40+
411,남자,60,경기,M40+
412,여자,40,서울,F40+
413,여자,20,경기,F20-
414,여자,30,광주,F30
415,남자,30,서울,M30
416,남자,50,대전,M40+
417,여자,50,서울,F40+
418,남자,40,광주,M40+
419,여자,30,대구,F30
42,남자,40,경기,M40+
420,여자,40,서울,F40+
421,남자,40,대구,M40+
422,남자,50,경기,M40+
423,남자,30,서울,M30
424,남자,20,서울,M20-
425,남자,40,대구,M40+
426,남자,40,경기,M40+
427,남자,30,경상,M30
428,남자,40,경상,M40+
429,남자,30,광주,M30
43,남자,50,경기,M40+
430,남자,30,대전,M30
431,남자,30,서울,M30
432,여자,40,서울,F40+
433,남자,30,경기,M30
434,남자,50,충청,M40+
435,여자,20,경상,F20-
436,남자,20,서울,M20-
437,여자,30,서울,F30
438,남자,40,경기,M40+
439,여자,20,서울,F20-
44,여자,30,서울,F30
440,남자,30,대구,M30
441,남자,30,울산,M30
442,남자,30,대구,M30
443,남자,30,경기,M30
444,남자,40,부산,M40+
445,남자,20,서울,M20-
446,남자,30,서울,M30
447,남자,40,경기,M40+
448,남자,20,서울,M20-
449,여자,20,부산,F20-
45,여자,40,서울,F40+
450,여자,20,대구,F20-
451,남자,20,서울,M20-
452,여자,20,서울,F20-
453,여자,50,대구,F40+
454,여자,40,서울,F40+
455,여자,20,서울,F20-
456,남자,40,경기,M40+
457,여자,50,대전,F40+
458,여자,30,서울,F30
459,남자,40,인천,M40+
46,남자,30,울산,M30
460,여자,40,서울,F40+
461,남자,20,서울,M20-
462,남자,40,경기,M40+
463,남자,30,경기,M30
464,여자,50,서울,F40+
465,남자,40,서울,M40+
466,남자,30,경기,M30
467,남자,30,경기,M30
468,남자,30,부산,M30
469,남자,30,서울,M30
47,여자,20,경기,F20-
470,남자,40,서울,M40+
471,여자,20,충청,F20-
472,남자,20,서울,M20-
473,남자,30,경기,M30
474,남자,30,대구,M30
475,남자,40,경기,M40+
476,여자,40,서울,F40+
477,남자,40,경상,M40+
478,남자,20,서울,M20-
479,남자,30,경상,M30
48,남자,20,서울,M20-
480,남자,30,부산,M30
481,남자,20,전라,M20-
482,남자,50,부산,M40+
483,여자,20,인천,F20-
484,여자,20,경상,F20-
485,여자,30,제주,F30
486,여자,50,서울,F40+
487,여자,20,경기,F20-
488,남자,30,경기,M30
489,여자,40,서울,F40+
49,남자,30,서울,M30
490,남자,40,경기,M40+
491,여자,40,서울,F40+
492,여자,20,광주,F20-
493,여자,20,서울,F20-
494,남자,30,경기,M30
495,남자,20,경기,M20-
496,남자,30,대구,M30
497,남자,30,서울,M30
498,여자,30,대구,F30
499,여자,40,경기,F40+
5,남자,40,경기,M40+
50,남자,30,광주,M30
500,남자,40,대구,M40+
501,남자,50,경상,M40+
502,여자,20,대구,F20-
503,남자,50,울산,M40+
504,남자,30,부산,M30
505,남자,30,인천,M30
506,남자,20,전라,M20-
507,남자,30,충청,M30
508,여자,40,전라,F40+
509,남자,30,경기,M30
51,여자,30,서울,F30
510,남자,40,경기,M40+
511,남자,30,경기,M30
512,남자,60,서울,M40+
513,남자,30,경기,M30
514,여자,30,인천,F30
515,남자,30,경기,M30
516,남자,30,경기,M30
517,남자,30,서울,M30
518,여자,50,경기,F40+
519,여자,30,서울,F30
52,남자,30,부산,M30
520,남자,30,인천,M30
521,여자,40,충청,F40+
522,여자,30,경기,F30
523,남자,40,경기,M40+
524,남자,40,인천,M40+
525,여자,40,인천,F40+
526,여자,30,전라,F30
527,남자,30,대구,M30
528,남자,40,인천,M40+
529,남자,50,서울,M40+
53,여자,40,전라,F40+
530,남자,30,강원,M30
531,남자,50,서울,M40+
532,남자,30,광주,M30
533,남자,20,경기,M20-
534,남자,30,대전,M30
535,여자,20,서울,F20-
536,남자,50,서울,M40+
537,남자,30,경기,M30
538,여자,40,경기,F40+
539,남자,30,부산,M30
54,남자,40,서울,M40+
540,남자,30,경기,M30
541,남자,20,서울,M20-
542,남자,40,대전,M40+
543,여자,30,경기,F30
544,남자,50,서울,M40+
545,남자,30,인천,M30
546,남자,30,경상,M30
547,남자,40,경기,M40+
548,여자,30,부산,F30
